id,isbn,title,author,tags
1,1900001,outlawed,anna north,A book about friendship
2,1900002,one to watch,Kate Stayman,A diverce romance
3,1900003,interior china town,Charles Yu,A fast paced book
4,1900004,made in china,Amelia Pang,A Nonfiction Other Than a Memoir
5,1900005,notes on silencing,Lacy Crawford,An Underrated Memoir
6,1900006,The Butchers� Blessing ,Ruth Gilligan,"A Book With Fewer Than 10,000 Ratings on Goodreads"
7,1900007,The Death of Vivek Oji ,Akwaeke Emezi,A Book By A Trans or Non-binary Author
8,1900008,Legendborn ,Tracy Deonn,A Book With More Than 500 Pages
9,1900009,Lot ,Bryan Washington,A Short Story Collection
10,1900010,Real Life ,Brandon Taylor,A Book You Want Everyone to Read
